https://ada.baidu.com/site/slhjksh.com/xyl?imid=60bf407aeb085af1840cac55e0747905&renliu,slhjksh.com
https://ada.baidu.com/site/bjjggb.com/xyl?imid=d75768edfd6ff3632bc4d4d4aa974dc9&fkbd01,bjjggb.com
https://ada.baidu.com/site/bjslh120.com/xyl?imid=a82d4b518e9b990f92860e98036f0478&renliu,bjslh120.com
https://ada.baidu.com/site/wjzoeh6m/xyl?imid=7dba781904d52cde0c832596ea961f71/&bdjs-,wjzoeh6m
https://ada.baidu.com/site/wjz577fd/xyl?imid=f477584281d59eeb49bfb4eb9f3303dd&bd_vid,wjz577fd
https://ada.baidu.com/site/pangguangyan.org/xyl?imid=70681e0e6af84a26f666f56ee2ebc9c5&jpl13-,pangguangyan.org
https://ada.baidu.com/site/wjzy9guo/xyl?imid=1f1f45bef00eb92412d2edea18bbeae1&tj27-t,wjzy9guo
https://ada.baidu.com/site/bjguahao-114.net/xyl?imid=dd48bc256756a40c8f6bbf7acdca7ec1&fkbd27,bjguahao-114.net
https://ada.baidu.com/site/jgxgn.com/xyl?imid=116cd71fd2e93085bdabb3bb28430f5e&fkbd08,jgxgn.com
https://ada.baidu.com/site/hypfb.net/xyl?imid=306db6efb4f00953fcf1ea3e702e99bb#baiduJ,hypfb.net
https://ada.baidu.com/site/fck16.com/xyl?imid=02da30eeea19226f625462c73305e570&bd_vid,fck16.com
https://ada.baidu.com/site/qianhu.wejianzhan.com/xyl?imid=9ec1f16af26bf0156e23f18c5ee3cfbc#back15,qianhu.wejianzhan.com
https://ada.baidu.com/site/wjz3r6j0/xyl?imid=55d0c3a39f7b3350c4bd149aaeaff71f?bd?shh,wjz3r6j0
https://ada.baidu.com/site/wjzkvgky/xyl?imid=a56571a0172d93d764e6e8ce82c75fa5#bd09#1,wjzkvgky
https://ada.baidu.com/site/wjzvpgky/xyl?imid=aab92025c3367abd3f5bc70a1113bc52#bd12#1,wjzvpgky
https://ada.baidu.com/site/xglgzyy.com/xyl?imid=7a5fc2369f0e524a1836f2b72a555eae#cqsjpp,xglgzyy.com
https://ada.baidu.com/site/wjz2tdcf/xyl?imid=b3dcd3ba75739f92eef6818f7489bc70#bd09-0,wjz2tdcf
https://ada.baidu.com/site/gbfuke.com/xyl?imid=b6184c4940960b6bad4a838f70b6148a#bd09&b,gbfuke.com
https://ada.baidu.com/site/wjzvpgky/xyl?imid=2e38a3bb9b20b021c9cf3d271051db39#bd12#1,wjzvpgky
https://ada.baidu.com/site/wzfuer.com/xyl?imid=4833e1f31b00d3f8e715f5756c4f21d1&utm_so,wzfuer.com
https://ada.baidu.com/site/gbfuke.com/xyl?imid=b6184c4940960b6bad4a838f70b6148a#bd12&b,gbfuke.com
https://ada.baidu.com/site/wjz2tdcf/xyl?imid=3539c8935d19be52f978fe0d5990e5a4#bd12-0,wjz2tdcf
https://ada.baidu.com/site/wjze3iiz/xyl?imid=1c286333b73fdd085f4878fa759f95e6#bd005#,wjze3iiz
https://ada.baidu.com/site/qianhu.wejianzhan.com/xyl?imid=2f92eaa64420a2dfcfc0789e39892bf3&source,qianhu.wejianzhan.com
https://ada.baidu.com/site/tsfcyy.com/xyl?imid=2114075e96f39b6c639c1c76ccab45b7&bd_vid,tsfcyy.com
https://ada.baidu.com/site/wjzf1mv3/xyl?imid=e16b5254d75026373775a972a82e3198&bd_vid,wjzf1mv3
https://ada.baidu.com/site/tsfcyy.com/xyl?imid=2114075e96f39b6c639c1c76ccab45b7&bd_vid,tsfcyy.com
https://ada.baidu.com/site/krswatch.com/xyl?imid=8b9e625200e4f71d687fe9b7249e1d8f&vid=43,krswatch.com
https://ada.baidu.com/site/bdgxt.com/xyl?imid=abec1df59fe9a26ad5d5baf7c389c6fd&bd_vid,bdgxt.com
https://ada.baidu.com/site/wjzdwbgq/xyl?imid=23f1b9876f5ff3706728e849be44cf9e&param=,wjzdwbgq
https://ada.baidu.com/site/qhdsgnk.com/xyl?imid=cc071d0a3f7fd7cc416f3bff506cf2d7&fid=nH,qhdsgnk.com
https://ada.baidu.com/site/bdgxt.com/xyl?imid=abec1df59fe9a26ad5d5baf7c389c6fd&s=bd05,bdgxt.com
https://ada.baidu.com/site/wjzkszk4/xyl?imid=057b4b82eb73dcab6f7fddf886c37711&fid=nH,wjzkszk4
https://ada.baidu.com/site/qhdbd120.com/xyl?imid=f10c53a0b1a1e22cd838c335c5cc9e62&bd_vid,qhdbd120.com
https://ada.baidu.com/site/wjzkszk4/xyl?imid=057b4b82eb73dcab6f7fddf886c37711https:/,wjzkszk4
https://ada.baidu.com/site/bdeybii.com/xyl?imid=e78f95c29122cbe8752007d3f46a3df0&param=,bdeybii.com
https://ada.baidu.com/site/wjzwejv1/xyl?imid=bf2ac0d2973c08e75f6fe8368c86b424&bdkm2-,wjzwejv1
https://ada.baidu.com/site/tytset.cn/xyl?imid=735a1bf724227389a7cd8c8a26f8dfd5&source,tytset.cn
https://ada.baidu.com/site/tytset120.cn/xyl?imid=7610ce07ebd3c6aac45ed6e1cbe1dada&bd-pc-,tytset120.cn
https://ada.baidu.com/site/wjzqewzf/xyl?imid=bad9f8d8d4a0e662308f05d327146b14&bd_vid,wjzqewzf
https://ada.baidu.com/site/0355fk.com/xyl?imid=bd96eac67e2d9c5f15192383d42049c8&bd_vid,0355fk.com
https://ada.baidu.com/site/lshhyy.com/xyl?imid=ed2d277c6619038edae5dfc1aea363b1#A=baid,lshhyy.com
https://ada.baidu.com/site/wjzn1rk1/xyl?imid=a2c507646e8cf066cdf10ea4041453d8&param=,wjzn1rk1
https://ada.baidu.com/site/nmbdf120.com/xyl?imid=875495df42efbeb04b1659eba58f0669#BD3#<F,nmbdf120.com
https://ada.baidu.com/site/btrlw.com/xyl?imid=de74ad59cba1587b5eac2cec6970ac45#A-BY12,btrlw.com
https://ada.baidu.com/site/wjz3voyc/xyl?imid=592860aef4592002239b575714d6bc97#bd7#-&,wjz3voyc
https://ada.baidu.com/site/wjzlxuf7/xyl?imid=f0619b9435e81ab11e6c416b7a172ff9&fid=nH,wjzlxuf7
https://ada.baidu.com/site/jzmnnk120.com/xyl?imid=d5028be1126ae8f05f71c9ad0de88f65&param=,jzmnnk120.com
https://ada.baidu.com/site/wjzwdkh0/xyl?imid=5e8e8729d19f88016273ac9bf8280e88&?fxsy1,wjzwdkh0
https://ada.baidu.com/site/wjzgwnt7/xyl?imid=bb85e5aa3ec70ea855d73b15c4f7b0c3&bd_vid,wjzgwnt7
https://ada.baidu.com/site/wjz4ynt7/xyl?imid=d09f99de5cb53112789cefc4a62627e1&bd_vid,wjz4ynt7
https://ada.baidu.com/site/wjzjrnt7/xyl?imid=52a43d967ac6b5627ffbb432d06ab347&bd_vid,wjzjrnt7
https://ada.baidu.com/site/wjzgwnt7/xyl?imid=bb85e5aa3ec70ea855d73b15c4f7b0c3&bd_vid,wjzgwnt7
https://ada.baidu.com/site/jlht0431.com/xyl?imid=f7a7ffc1f30e7617ac23ef55c3eb1ff7&?htyy1,jlht0431.com
https://ada.baidu.com/site/cchxyy.com/xyl?imid=5fd336e90d91a08b24c82c18d0829e04&bd2-pp,cchxyy.com
https://ada.baidu.com/site/wjzoj6d1/xyl?imid=423cfe87a6a9867707edc89d8c046b81&_PC320,wjzoj6d1
https://ada.baidu.com/site/ccygfk.com/xyl?imid=0d93417e5ba1ee6f702d2014a0bb31f0&bd5-PC,ccygfk.com
https://ada.baidu.com/site/sg012.com/xyl?imid=c3f374dc3de65f83fa9bdf844c0e03dd&bd_vid,sg012.com
https://ada.baidu.com/site/spszsyy.com/xyl?imid=66dd1262fc94fa83b996ac250d3724d1#back16,spszsyy.com
https://ada.baidu.com/site/wjzlk5sy/xyl?imid=f76e34c7a626512988a5fb622f611a29&source,wjzlk5sy
https://ada.baidu.com/site/rx.wedo120.com/xyl?imid=ef4d48ac182c321958e1c8e1e1afa6e5&ZH=bai,rx.wedo120.com
https://ada.baidu.com/site/wedo120.com/xyl?imid=07537c14069566500b8bbe098f4dd1db&baidus,wedo120.com
https://ada.baidu.com/site/wjzuyb9v/xyl?imid=e617acd945ae84b2e6ef62410de501cd?kl1-pc,wjzuyb9v
https://ada.baidu.com/site/wjzugy7y/xyl?imid=83424df76bdd72c9592713a82f2677f7?klglnk,wjzugy7y
https://ada.baidu.com/site/qianhu.wejianzhan.com/xyl?imid=79b64b12b8761f2be042c9f8aed5792c&param=,qianhu.wejianzhan.com
https://ada.baidu.com/site/wjz37lpx/xyl?imid=00d22262233dde749b6584ab42b682df&bd_vid,wjz37lpx
https://ada.baidu.com/site/babyley.com/xyl?imid=1317ea64527cbf9ea5e610b60839613e&bdss?I,babyley.com
https://ada.baidu.com/site/pangguangyan.org/xyl?imid=70681e0e6af84a26f666f56ee2ebc9c5&jpl13-,pangguangyan.org
https://ada.baidu.com/site/wjz2zb1m/xyl?imid=9915854e9b72eecd28a494f1aee8cd93&bd_vid,wjz2zb1m
https://ada.baidu.com/site/wjzy9guo/xyl?imid=1f1f45bef00eb92412d2edea18bbeae1&tj27-t,wjzy9guo
https://ada.baidu.com/site/tjnkzj.mobi/xyl?imid=66bad173ac85736d61eae87941726023&tj27-p,tjnkzj.mobi
https://ada.baidu.com/site/wjzk4cvy/xyl?imid=bff4d4941d9f215c8ab5b425a2fae55a&fkb3yz,wjzk4cvy
https://ada.baidu.com/site/wjz2zb1m/xyl?imid=9915854e9b72eecd28a494f1aee8cd93&bd_vid,wjz2zb1m
https://ada.baidu.com/site/wjz577fd/xyl?imid=047573769b7567deed0e72afb3e28db1&fkbd01,wjz577fd
https://ada.baidu.com/site/slhjksh.com/xyl?imid=60bf407aeb085af1840cac55e0747905&renliu,slhjksh.com
https://ada.baidu.com/site/wjz9afid/xyl?imid=7d7fdc5c1a835fcd07b21f8309dc3e33?bdss?p,wjz9afid
https://ada.baidu.com/site/bjguahao-120.org/xyl?imid=bac1814d9e644552fbbf026316c6b958&fkbd24,bjguahao-120.org
https://ada.baidu.com/site/bjslh120.com/xyl?imid=a82d4b518e9b990f92860e98036f0478&rlyyzt,bjslh120.com
https://ada.baidu.com/site/wuzhoufuer.com/xyl?imid=84ab5d929ce5dcb2ef34ebb690b5a361?biaoda,wuzhoufuer.com
https://ada.baidu.com/site/pangguangyan.org/xyl?imid=70681e0e6af84a26f666f56ee2ebc9c5&jpl13-,pangguangyan.org
https://ada.baidu.com/site/wjzymb1m/xyl?imid=db7fb7f280c049af59bbdd1f2eb2e011&bd_vid,wjzymb1m
https://ada.baidu.com/site/wjz2zb1m/xyl?imid=9915854e9b72eecd28a494f1aee8cd93&bd_vid,wjz2zb1m
https://ada.baidu.com/site/babyley.com/xyl?imid=6cd31deaece0bfbec2481c01cce934ae&bdss?I,babyley.com
https://ada.baidu.com/site/wjz2zb1m/xyl?imid=9915854e9b72eecd28a494f1aee8cd93&bd_vid,wjz2zb1m
https://ada.baidu.com/site/wjzk4cvy/xyl?imid=bff4d4941d9f215c8ab5b425a2fae55a&fkb3yz,wjzk4cvy
https://ada.baidu.com/site/chyy-120.mobi/xyl?imid=a91fb4b9500773f20e60554f6b9142a0&fkbd32,chyy-120.mobi
https://ada.baidu.com/site/wjzz3cvy/xyl?imid=ede7534061222dd64d662ab42ab3ccca?bdss?y,wjzz3cvy
https://ada.baidu.com/site/jgxgn.com/xyl?imid=116cd71fd2e93085bdabb3bb28430f5e&fkbd08,jgxgn.com
https://ada.baidu.com/site/fck16.com/xyl?imid=02da30eeea19226f625462c73305e570&bd_vid,fck16.com
https://ada.baidu.com/site/wjzuuxfd/xyl?imid=67ce133dd3dfb6b2a9164f876c49b23c&source,wjzuuxfd
https://ada.baidu.com/site/wjz63o5z/xyl?imid=2a609d4dbaca9ad3bb54975208370419&bdzlyy,wjz63o5z
https://ada.baidu.com/site/qianhu.wejianzhan.com/xyl?imid=f774b05eb74c024e0797e452a6cfcdf4&utm_so,qianhu.wejianzhan.com
https://ada.baidu.com/site/wjz8gaxz/xyl?imid=37a5313af3f4981be3046215be5ae9c2&utm_so,wjz8gaxz
https://ada.baidu.com/site/wjz3r6j0/xyl?imid=8f4051d3d280a56eb03dcbc70ea69ace?bd?shh,wjz3r6j0
https://ada.baidu.com/site/cqpfkctm.com/xyl?imid=dff943479f8ad8f2c184b930d5a4a1dd&bdjj-1,cqpfkctm.com
https://ada.baidu.com/site/wjzxfo80/xyl?imid=8b33af2b1008a2050c3ac8b558aa3769&BD&YYW,wjzxfo80
https://ada.baidu.com/site/wjzenwhx/xyl?imid=1f46a48d1aedb98da8a5af2c61ee5e12&bd01=M,wjzenwhx
https://ada.baidu.com/site/cqx2y2.com/xyl?imid=51df8ef9badd300f39f43c7e100351e2?bd1PC-,cqx2y2.com
https://ada.baidu.com/site/wjz06s60/xyl?imid=0508d48121ad30876ce1d4e9447fd3c5&bd_vid,wjz06s60
https://ada.baidu.com/site/wzfuer.com/xyl?imid=4833e1f31b00d3f8e715f5756c4f21d1&utm_so,wzfuer.com
https://ada.baidu.com/site/wjzrbemq/xyl?imid=10bc192c79560ff6d862bb4841d96969#bd16#o,wjzrbemq
https://ada.baidu.com/site/wjz7w7lz/xyl?imid=45d17f8202659a9718dd6791188941e0&utm_so,wjz7w7lz
https://ada.baidu.com/site/wjztvpfs/xyl?imid=698975cf8c676930534e47636844ff72&KW=%E6,wjztvpfs
https://ada.baidu.com/site/tt.rarl100.com/xyl?imid=6e52a751e60ace200abc58c69cde1e9c?bd16?G,tt.rarl100.com
https://ada.baidu.com/site/szn23.com/xyl?imid=cf98978e509b1b739a2070e35521fd40&KW=%E5,szn23.com
https://ada.baidu.com/site/wjze3iiz/xyl?imid=1c286333b73fdd085f4878fa759f95e6#bd005#,wjze3iiz
https://ada.baidu.com/site/ssjcn.com/xyl?imid=84d88981472f7e95966466db248d891b&bd_vid,ssjcn.com
https://ada.baidu.com/site/ssjcn.com/xyl?imid=84d88981472f7e95966466db248d891b&bd_vid,ssjcn.com
https://ada.baidu.com/site/wjzbcl57/xyl?imid=cb496725303137b28fd9342ab43b7571&bd_vid,wjzbcl57
https://ada.baidu.com/site/qianhu.wejianzhan.com/xyl?imid=275f0be5ae08834568f615f3f1e447bd&&=唐M6-,qianhu.wejianzhan.com
https://ada.baidu.com/site/dsmzyy.com/xyl?imid=49fa67db3bc41123fc2e70aa346a9205&bd_vid,dsmzyy.com
https://ada.baidu.com/site/wjz25ezx/xyl?imid=1c23c0d9889893bf0297a08509f6812b&bdpc-a,wjz25ezx
https://ada.baidu.com/site/tsfcyy.com/xyl?imid=2114075e96f39b6c639c1c76ccab45b7&bd_vid,tsfcyy.com
https://ada.baidu.com/site/wjzf1mv3/xyl?imid=e16b5254d75026373775a972a82e3198&bd_vid,wjzf1mv3
https://ada.baidu.com/site/wjzzxty4/xyl?imid=a07eed51b51a7902b52dc10fec6a1dab&bdpc-y,wjzzxty4
https://ada.baidu.com/site/qianhu.wejianzhan.com/xyl?imid=5767859b4aac3a00c7e43c7a10c2d738&vid=12,qianhu.wejianzhan.com
https://ada.baidu.com/site/wjzf1mv3/xyl?imid=e16b5254d75026373775a972a82e3198&bd_vid,wjzf1mv3
https://ada.baidu.com/site/wjzf1mv3/xyl?imid=e16b5254d75026373775a972a82e3198&bd_vid,wjzf1mv3
https://ada.baidu.com/site/hbfcyy.com/xyl?imid=589172b8e2956daca6f35d483da2e29d&bd_vid,hbfcyy.com
https://ada.baidu.com/site/qhdliren.com/xyl?imid=3fd2bcfa9918510665c9cbf9d74aa7f0&bd_vid,qhdliren.com
https://ada.baidu.com/site/wjzlva0c/xyl?imid=13a3a3ef9bc8c227b2b37e04956813ed&source,wjzlva0c
https://ada.baidu.com/site/wjzncdc0/xyl?imid=ca14703e8721a9cefbf23389c3c5503c&bd_vid,wjzncdc0
https://ada.baidu.com/site/krswatch.com/xyl?imid=8b9e625200e4f71d687fe9b7249e1d8f&bd_vid,krswatch.com
https://ada.baidu.com/site/qhdxdyy.com/xyl?imid=1f20bfdd430d9c17ffa40dd638c84eb5#PC&bd_,qhdxdyy.com
https://ada.baidu.com/site/bdtzzx.com/xyl?imid=adf4922fb5f91ce59730a1c209ccbb1a&bd_vid,bdtzzx.com
https://ada.baidu.com/site/gw.qhdsgnk.com/xyl?imid=daced9fc396eea27256fb34187668e06&bd_vid,gw.qhdsgnk.com
https://ada.baidu.com/site/bdgxt.com/xyl?imid=abec1df59fe9a26ad5d5baf7c389c6fd&s=bd05,bdgxt.com
https://ada.baidu.com/site/qhdliren.com/xyl?imid=72b85e1b2cda965ce518e34c7fbf5ad0&source,qhdliren.com
https://ada.baidu.com/site/bdgxt.com/xyl?imid=abec1df59fe9a26ad5d5baf7c389c6fd&bd_vid,bdgxt.com
https://ada.baidu.com/site/wjzkszk4/xyl?imid=057b4b82eb73dcab6f7fddf886c37711https:/,wjzkszk4
https://ada.baidu.com/site/bdtzzx.com/xyl?imid=adf4922fb5f91ce59730a1c209ccbb1a&bd_vid,bdtzzx.com
https://ada.baidu.com/site/wjzxh97z/xyl?imid=b922a92fc522074aa06258e17f08e40c&bd_vid,wjzxh97z
https://ada.baidu.com/site/wjzxh97z/xyl?imid=b922a92fc522074aa06258e17f08e40c&bd_vid,wjzxh97z
https://ada.baidu.com/site/wjz196u4/xyl?imid=a27fe6dde4a99800cf7d91df31dab47e&bd_vid,wjz196u4
https://ada.baidu.com/site/wjz9hsww/xyl?imid=6bd90e2119988bd5d913ee8ffb1226c5&bd_vid,wjz9hsww
https://ada.baidu.com/site/wjzn7pnx/xyl?imid=04bf805a989cd17a34acfcaedb69c048&bd_vid,wjzn7pnx
https://ada.baidu.com/site/xtfkzk.com/xyl?imid=3cb0a00fb5a2fa33eca0b862ac6cdbf3&bd_vid,xtfkzk.com
https://ada.baidu.com/site/0319xthx.com/xyl?imid=3bff7eb8e022a71b93911359bc81f5bb&BD=P-%,0319xthx.com
https://ada.baidu.com/site/wjz196u4/xyl?imid=a27fe6dde4a99800cf7d91df31dab47e#?06?bd,wjz196u4
https://ada.baidu.com/site/wjz9hsww/xyl?imid=6bd90e2119988bd5d913ee8ffb1226c5&bd_vid,wjz9hsww
https://ada.baidu.com/site/wjz196u4/xyl?imid=a27fe6dde4a99800cf7d91df31dab47e#?06?bd,wjz196u4
https://ada.baidu.com/site/wjz9hsww/xyl?imid=6bd90e2119988bd5d913ee8ffb1226c5&bd_vid,wjz9hsww
https://ada.baidu.com/site/xtpf120.com/xyl?imid=a8eeb3b60e9444f9429701b3adf2e2ae#?01?bd,xtpf120.com
https://ada.baidu.com/site/xtfkzk.com/xyl?imid=3cb0a00fb5a2fa33eca0b862ac6cdbf3#BD3-YZ,xtfkzk.com
https://ada.baidu.com/site/bdmdfyyy.com/xyl?imid=9b12d502d5811a3126c6006dbc18b92b&bd_vid,bdmdfyyy.com
https://ada.baidu.com/site/wjz4delm/xyl?imid=55d8ac74a5c8508877a5061c1dcf1c6c-Baidu0,wjz4delm
https://ada.baidu.com/site/bdmdfyyy.com/xyl?imid=9b12d502d5811a3126c6006dbc18b92b&bd_vid,bdmdfyyy.com
https://ada.baidu.com/site/wjz0k0hs/xyl?imid=b7fefda0be6a35ea661aa5da12ba870f&bhyzld,wjz0k0hs
https://ada.baidu.com/site/bdhrqd.com/xyl?imid=3ee55b3a6e52f0360ba0bdbbbb7f0d9b&param=,bdhrqd.com
https://ada.baidu.com/site/bdf.hrpfb.com/xyl?imid=c56105a7acc00b5da00a2d6c518c425d&bbhhkh,bdf.hrpfb.com
https://ada.baidu.com/site/wjz577fd/xyl?imid=047573769b7567deed0e72afb3e28db1&fkbd01,wjz577fd
https://ada.baidu.com/site/slhjksh.com/xyl?imid=60bf407aeb085af1840cac55e0747905&renliu,slhjksh.com
https://ada.baidu.com/site/bjslh120.com/xyl?imid=a82d4b518e9b990f92860e98036f0478&renliu,bjslh120.com
https://ada.baidu.com/site/wjz9afid/xyl?imid=7d7fdc5c1a835fcd07b21f8309dc3e33?bdss?p,wjz9afid
https://ada.baidu.com/site/wuzhoufuer.com/xyl?imid=84ab5d929ce5dcb2ef34ebb690b5a361?biaoda,wuzhoufuer.com
https://ada.baidu.com/site/wjz2zb1m/xyl?imid=9915854e9b72eecd28a494f1aee8cd93&bd_vid,wjz2zb1m
https://ada.baidu.com/site/wjzymb1m/xyl?imid=db7fb7f280c049af59bbdd1f2eb2e011&bd_vid,wjzymb1m
https://ada.baidu.com/site/pangguangyan.org/xyl?imid=70681e0e6af84a26f666f56ee2ebc9c5&jpl13-,pangguangyan.org
https://ada.baidu.com/site/babyley.com/xyl?imid=1317ea64527cbf9ea5e610b60839613e&bdss?I,babyley.com
https://ada.baidu.com/site/wjzy9guo/xyl?imid=1f1f45bef00eb92412d2edea18bbeae1&tj27-t,wjzy9guo
https://ada.baidu.com/site/tjnkzj.mobi/xyl?imid=66bad173ac85736d61eae87941726023&tj27-p,tjnkzj.mobi
https://ada.baidu.com/site/wjz2zb1m/xyl?imid=9915854e9b72eecd28a494f1aee8cd93&bd_vid,wjz2zb1m
https://ada.baidu.com/site/wjzk4cvy/xyl?imid=bff4d4941d9f215c8ab5b425a2fae55a&fkb3yz,wjzk4cvy
https://ada.baidu.com/site/wjzz3cvy/xyl?imid=ede7534061222dd64d662ab42ab3ccca?bdss?y,wjzz3cvy
https://ada.baidu.com/site/jgxgn.com/xyl?imid=116cd71fd2e93085bdabb3bb28430f5e&fkbd08,jgxgn.com
https://ada.baidu.com/site/bjguahao-114.net/xyl?imid=dd48bc256756a40c8f6bbf7acdca7ec1&fkbd27,bjguahao-114.net
https://ada.baidu.com/site/fck16.com/xyl?imid=02da30eeea19226f625462c73305e570&bd_vid,fck16.com
https://ada.baidu.com/site/wjz63o5z/xyl?imid=2a609d4dbaca9ad3bb54975208370419&bdzlyy,wjz63o5z
https://ada.baidu.com/site/qianhu.wejianzhan.com/xyl?imid=9ec1f16af26bf0156e23f18c5ee3cfbc#back15,qianhu.wejianzhan.com
https://ada.baidu.com/site/wjz8gaxz/xyl?imid=37a5313af3f4981be3046215be5ae9c2&utm_so,wjz8gaxz
https://ada.baidu.com/site/wjz3r6j0/xyl?imid=1ab888824ae7b991112ca5b70e676455?bd?shh,wjz3r6j0
https://ada.baidu.com/site/cqpfkctm.com/xyl?imid=dff943479f8ad8f2c184b930d5a4a1dd&bdjj-1,cqpfkctm.com
https://ada.baidu.com/site/wjzxfo80/xyl?imid=8b33af2b1008a2050c3ac8b558aa3769&BD&YYW,wjzxfo80
https://ada.baidu.com/site/wjz7fkd1/xyl?imid=0f4303afeb1dbc3c3b9975650bb7b92e&bd_vid,wjz7fkd1
https://ada.baidu.com/site/cqx2y2.com/xyl?imid=51df8ef9badd300f39f43c7e100351e2?bd1PC-,cqx2y2.com
https://ada.baidu.com/site/wjz06s60/xyl?imid=beb5bb411d057d8987ee5ffa29a2502e&gjys4&,wjz06s60
https://ada.baidu.com/site/wzfuer.com/xyl?imid=4833e1f31b00d3f8e715f5756c4f21d1&utm_so,wzfuer.com
https://ada.baidu.com/site/wjzrbemq/xyl?imid=10bc192c79560ff6d862bb4841d96969#bd16#o,wjzrbemq
https://ada.baidu.com/site/wjzyvgvx/xyl?imid=df7ebbd8823efaee9f88bedf62af5ec4#bd07#1,wjzyvgvx
https://ada.baidu.com/site/tt.rarl100.com/xyl?imid=6e52a751e60ace200abc58c69cde1e9c?bd16?G,tt.rarl100.com
https://ada.baidu.com/site/wjz2tdcf/xyl?imid=1ce2d2bb08c4028373dc36c76578c5c6#bd07-0,wjz2tdcf
https://ada.baidu.com/site/szn23.com/xyl?imid=cf98978e509b1b739a2070e35521fd40&KW=%E4,szn23.com
https://ada.baidu.com/site/szn23.com/xyl?imid=cf98978e509b1b739a2070e35521fd40&KW=%E5,szn23.com
https://ada.baidu.com/site/wjze3iiz/xyl?imid=1c286333b73fdd085f4878fa759f95e6#bd005#,wjze3iiz
https://ada.baidu.com/site/ssjcn.com/xyl?imid=84d88981472f7e95966466db248d891b&bd_vid,ssjcn.com
https://ada.baidu.com/site/ssjcn.com/xyl?imid=84d88981472f7e95966466db248d891b&bd_vid,ssjcn.com
https://ada.baidu.com/site/wjzbcl57/xyl?imid=cb496725303137b28fd9342ab43b7571&bd_vid,wjzbcl57
https://ada.baidu.com/site/qianhu.wejianzhan.com/xyl?imid=275f0be5ae08834568f615f3f1e447bd&&=唐M6-,qianhu.wejianzhan.com
https://ada.baidu.com/site/wjz25ezx/xyl?imid=715f750b75683bf44de3bd0ed96e23c9&bdpc-a,wjz25ezx
https://ada.baidu.com/site/tsfcyy.com/xyl?imid=2114075e96f39b6c639c1c76ccab45b7&bd_vid,tsfcyy.com
https://ada.baidu.com/site/wjzzxty4/xyl?imid=a07eed51b51a7902b52dc10fec6a1dab&bdpc-y,wjzzxty4
https://ada.baidu.com/site/wjz25ezx/xyl?imid=715f750b75683bf44de3bd0ed96e23c9&bdpc-a,wjz25ezx
https://ada.baidu.com/site/qianhu.wejianzhan.com/xyl?imid=5767859b4aac3a00c7e43c7a10c2d738&vid=12,qianhu.wejianzhan.com
https://ada.baidu.com/site/wjzf1mv3/xyl?imid=e16b5254d75026373775a972a82e3198&bd_vid,wjzf1mv3
https://ada.baidu.com/site/wjzf1mv3/xyl?imid=e16b5254d75026373775a972a82e3198&bd_vid,wjzf1mv3
https://ada.baidu.com/site/qhdxdyy.com/xyl?imid=1f20bfdd430d9c17ffa40dd638c84eb5#PC&bd_,qhdxdyy.com
https://ada.baidu.com/site/wjzncdc0/xyl?imid=ca14703e8721a9cefbf23389c3c5503c&bd_vid,wjzncdc0
https://ada.baidu.com/site/krswatch.com/xyl?imid=8b9e625200e4f71d687fe9b7249e1d8f&bd_vid,krswatch.com
https://ada.baidu.com/site/bdgxt.com/xyl?imid=abec1df59fe9a26ad5d5baf7c389c6fd&bd_vid,bdgxt.com
https://ada.baidu.com/site/gw.qhdsgnk.com/xyl?imid=daced9fc396eea27256fb34187668e06&vid=11,gw.qhdsgnk.com
https://ada.baidu.com/site/bdgxt.com/xyl?imid=abec1df59fe9a26ad5d5baf7c389c6fd&s=bd05,bdgxt.com
https://ada.baidu.com/site/bdtzzx.com/xyl?imid=adf4922fb5f91ce59730a1c209ccbb1a&bd_vid,bdtzzx.com
https://ada.baidu.com/site/bdtzzx.com/xyl?imid=adf4922fb5f91ce59730a1c209ccbb1a&bd_vid,bdtzzx.com
https://ada.baidu.com/site/wjzkszk4/xyl?imid=057b4b82eb73dcab6f7fddf886c37711https:/,wjzkszk4
https://ada.baidu.com/site/qhdbd120.com/xyl?imid=b85d5281bd1ca5bd757c1e73685c67be&bd_vid,qhdbd120.com
https://ada.baidu.com/site/qhdxdyy.com/xyl?imid=1f20bfdd430d9c17ffa40dd638c84eb5#PC&bd_,qhdxdyy.com
https://ada.baidu.com/site/0335pfb.com/xyl?imid=e91257e1cd6e4aae804ee2ff102beb86&bd_vid,0335pfb.com
https://ada.baidu.com/site/wjzxh97z/xyl?imid=b922a92fc522074aa06258e17f08e40c&bd_vid,wjzxh97z
https://ada.baidu.com/site/wjzxh97z/xyl?imid=b922a92fc522074aa06258e17f08e40c&bd_vid,wjzxh97z
https://ada.baidu.com/site/wjzxh97z/xyl?imid=b922a92fc522074aa06258e17f08e40c&bd_vid,wjzxh97z
https://ada.baidu.com/site/wjz196u4/xyl?imid=a27fe6dde4a99800cf7d91df31dab47e&bd_vid,wjz196u4
https://ada.baidu.com/site/wjz9hsww/xyl?imid=6bd90e2119988bd5d913ee8ffb1226c5&bd_vid,wjz9hsww
https://ada.baidu.com/site/xtfkzk.com/xyl?imid=3cb0a00fb5a2fa33eca0b862ac6cdbf3&bd_vid,xtfkzk.com
https://ada.baidu.com/site/0319xthx.com/xyl?imid=3bff7eb8e022a71b93911359bc81f5bb&BD=P-%,0319xthx.com
https://ada.baidu.com/site/xthxyynk.com/xyl?imid=c1a537b7d602cf620f7d1e74ebd8eb4d&BD=P-%,xthxyynk.com
https://ada.baidu.com/site/wjz196u4/xyl?imid=a27fe6dde4a99800cf7d91df31dab47e#?06?bd,wjz196u4
https://ada.baidu.com/site/wjz9hsww/xyl?imid=6bd90e2119988bd5d913ee8ffb1226c5&bd_vid,wjz9hsww
https://ada.baidu.com/site/wjz196u4/xyl?imid=a27fe6dde4a99800cf7d91df31dab47e#?06?bd,wjz196u4
https://ada.baidu.com/site/wjz9hsww/xyl?imid=6bd90e2119988bd5d913ee8ffb1226c5&bd_vid,wjz9hsww
https://ada.baidu.com/site/xtpf120.com/xyl?imid=a8eeb3b60e9444f9429701b3adf2e2ae#?01?bd,xtpf120.com
https://ada.baidu.com/site/xthxyynk.com/xyl?imid=c1a537b7d602cf620f7d1e74ebd8eb4d&BD=P-%,xthxyynk.com
https://ada.baidu.com/site/bdmdfyyy.com/xyl?imid=9b12d502d5811a3126c6006dbc18b92b&bd_vid,bdmdfyyy.com
https://ada.baidu.com/site/bdmdfyyy.com/xyl?imid=9b12d502d5811a3126c6006dbc18b92b&param=,bdmdfyyy.com
https://ada.baidu.com/site/wjz4delm/xyl?imid=55d8ac74a5c8508877a5061c1dcf1c6c-Baidu0,wjz4delm
https://ada.baidu.com/site/bdmdfyyy.com/xyl?imid=9b12d502d5811a3126c6006dbc18b92b&bd_vid,bdmdfyyy.com
https://ada.baidu.com/site/bdhrqd.com/xyl?imid=944bb039f4100eef3d7894fdb4f94489&bd_vid,bdhrqd.com
https://ada.baidu.com/site/wjz0k0hs/xyl?imid=b7fefda0be6a35ea661aa5da12ba870f&bd_vid,wjz0k0hs
https://ada.baidu.com/site/qianhu.wejianzhan.com/xyl?imid=f0e8430dd580e58b11e548dfb2ab87be#BD1-PP,qianhu.wejianzhan.com
https://ada.baidu.com/site/wjzqcp2p/xyl?imid=925bc5024c4259c4bdeae05f0690751d#2zfz&b,wjzqcp2p
https://ada.baidu.com/site/cj0314.com/xyl?imid=82c35c6ca5cb5c47a84ed09d043f814d#5qt-ba,cj0314.com
https://ada.baidu.com/site/wjzux94c/xyl?imid=b0c374a21eef3ff9f59edfd285335c1f&bd_vid,wjzux94c
https://ada.baidu.com/site/cdnx120.com/xyl?imid=371e0c1ea4147f22e5ef4f99c37a80e6&chuang,cdnx120.com
https://ada.baidu.com/site/qianhu.wejianzhan.com/xyl?imid=8614e8543c1789660ce75b51406cdd11&bd_vid,qianhu.wejianzhan.com
https://ada.baidu.com/site/wjzux94c/xyl?imid=b0c374a21eef3ff9f59edfd285335c1f&bd_vid,wjzux94c
https://ada.baidu.com/site/cdnx120.com/xyl?imid=371e0c1ea4147f22e5ef4f99c37a80e6&gjchua,cdnx120.com
https://ada.baidu.com/site/fk.0317mly.com/xyl?imid=976071f2e3eccb6c8028cc164f573503&jishen,fk.0317mly.com
https://ada.baidu.com/site/huameihp.com/xyl?imid=a15869efa881aa4dac3f8db95314eedd&fkb1rl,huameihp.com
https://ada.baidu.com/site/wjzerl4x/xyl?imid=b262f684c02a74c988fa78c057ac8c4e&plan=j,wjzerl4x
https://ada.baidu.com/site/fk.0317mly.com/xyl?imid=976071f2e3eccb6c8028cc164f573503&yz&gjm,fk.0317mly.com
https://ada.baidu.com/site/huameihp.com/xyl?imid=d921f5a04a583ee5f0bcf3b0b8cf2da8&plan=d,huameihp.com
https://ada.baidu.com/site/2316333.com/xyl?imid=2b1b9caaf8ea89c04529f2d934232df1&e_keyw,2316333.com
https://ada.baidu.com/site/2316333.com/xyl?imid=c666ee0ad781dfd495291b71dc8f0f0c&e_keyw,2316333.com
https://ada.baidu.com/site/2316333.com/xyl?imid=04891fdcdfcbd153c8faf8114e7dc3df&unitid,2316333.com
https://ada.baidu.com/site/91pfyy.com/xyl?imid=ad0c1551f346bd1f9145f69cc0276b5d&PC-gk2,91pfyy.com
https://ada.baidu.com/site/tyfk-hm.com/xyl?imid=2964eb6584fce25c4ab8aa180c923446&Plan=%,tyfk-hm.com
https://ada.baidu.com/site/typfk120.com/xyl?imid=8c442ef31cc2aaf70d31f39ae085f959&?bdpf8,typfk120.com
https://ada.baidu.com/site/sxtyzygb.cn/xyl?imid=1dd0dde7e318782100a23fa6282ef044#JJ_-91,sxtyzygb.cn
https://ada.baidu.com/site/tyfk-hm.com/xyl?imid=4d353898fb3b4e4273f28f4abeffdac1&bd_vid,tyfk-hm.com
https://ada.baidu.com/site/wjzup1l4/xyl?imid=ee0304ce24a52cedd29010cf394ece50#bd#PC#,wjzup1l4
https://ada.baidu.com/site/wjziwfio/xyl?imid=c82565da6748d135cb8ccd384cb889e0&pf3-RL,wjziwfio
https://ada.baidu.com/site/wjz959qs/xyl?imid=b21a9660dbfe67cc05e7968d8082d324&?bd12n,wjz959qs
https://ada.baidu.com/site/fk.jlman.net/xyl?imid=fba782c5791e34850f6e1ec8a27fc300#jlbd02,fk.jlman.net
https://ada.baidu.com/site/91pifu.com/xyl?imid=1216d9a30def8a9bf597a7011c910616&pf3-[0,91pifu.com
https://ada.baidu.com/site/zs-nanke.com/xyl?imid=709be18c7e03f184d7504bb28415299b&param=,zs-nanke.com
https://ada.baidu.com/site/wjzluntq/xyl?imid=4b223f86d4af36bbced2385ad5565e9e&param=,wjzluntq
https://ada.baidu.com/site/91pfyy.com/xyl?imid=ad0c1551f346bd1f9145f69cc0276b5d&gk2-P-,91pfyy.com
https://ada.baidu.com/site/0351ck.com/xyl?imid=79fac3153eece0fd7fcf503b76071a46#bd#PC#,0351ck.com
https://ada.baidu.com/site/datongnanke.com/xyl?imid=d3875d22817cfbfe4afad3c3f34e6035#A=A1-b,datongnanke.com
https://ada.baidu.com/site/wjz67t4y/xyl?imid=e103764056dd9ab1918fe4a18f6bb9c2&bd_vid,wjz67t4y
https://ada.baidu.com/site/yqpfb.com/xyl?imid=3ec700f607de8d83c0b157386d864d0a&bd_vid,yqpfb.com
https://ada.baidu.com/site/yqadsyy.com/xyl?imid=da7df02729116fee713e438bba33dd6d&jjyd1s,yqadsyy.com
https://ada.baidu.com/site/dsmzyy.com/xyl?imid=49fa67db3bc41123fc2e70aa346a9205&bd_vid,dsmzyy.com
https://ada.baidu.com/site/wjzy7t4y/xyl?imid=634978382a4ebfdae19c37f70265a99a&bd_vid,wjzy7t4y
https://ada.baidu.com/site/adsfcyy.com/xyl?imid=c835dd7b744e75897f8a513342564725&jjyd4&,adsfcyy.com
https://ada.baidu.com/site/yqadsyy.com/xyl?imid=da7df02729116fee713e438bba33dd6d&jjyd1s,yqadsyy.com
https://ada.baidu.com/site/adsfcyy.com/xyl?imid=c835dd7b744e75897f8a513342564725&jjyd4&,adsfcyy.com
https://ada.baidu.com/site/yqadsyy.com/xyl?imid=da7df02729116fee713e438bba33dd6d&jjyd1s,yqadsyy.com
https://ada.baidu.com/site/wjz2zb1m/xyl?imid=9915854e9b72eecd28a494f1aee8cd93&bd_vid,wjz2zb1m
https://ada.baidu.com/site/adsfcyy.com/xyl?imid=c835dd7b744e75897f8a513342564725&jjyd4&,adsfcyy.com
https://ada.baidu.com/site/wjz2zb1m/xyl?imid=9915854e9b72eecd28a494f1aee8cd93&bd_vid,wjz2zb1m
https://ada.baidu.com/site/czjcfk.com/xyl?imid=5d8c92e4ab9ba1042c033ca6a2540af6&bdjj2-,czjcfk.com
https://ada.baidu.com/site/czjcfybj.com/xyl?imid=f05125add2ba1c6d2703e313283385b7&bdjj4-,czjcfybj.com
https://ada.baidu.com/site/safk.0355fk.com/xyl?imid=38ccd4e59527df4be0ea84d444183e49&bd_vid,safk.0355fk.com
https://ada.baidu.com/site/wjzgt068/xyl?imid=92273ed4b33bc1a3d75fac5f9bd4ba5d&bd_vid,wjzgt068
https://ada.baidu.com/site/0355fk.com/xyl?imid=bd96eac67e2d9c5f15192383d42049c8&bd_vid,0355fk.com
https://ada.baidu.com/site/czjcfybj.com/xyl?imid=d9c1464dfcf342aabbc47ebc89ce6f71&bdjj4-,czjcfybj.com
https://ada.baidu.com/site/wjzk2vcd/xyl?imid=aef5437ee4babe62d68548454994ce9c&bd_vid,wjzk2vcd
https://ada.baidu.com/site/0355fk.com/xyl?imid=bd96eac67e2d9c5f15192383d42049c8&bd_vid,0355fk.com
https://ada.baidu.com/site/0355fk.com/xyl?imid=bd96eac67e2d9c5f15192383d42049c8&bd_vid,0355fk.com
https://ada.baidu.com/site/safk.0355fk.com/xyl?imid=38ccd4e59527df4be0ea84d444183e49&bd_vid,safk.0355fk.com
https://ada.baidu.com/site/czjcfybj.com/xyl?imid=f05125add2ba1c6d2703e313283385b7&bdjj4-,czjcfybj.com
https://ada.baidu.com/site/jchfyy.com/xyl?imid=9b0860ae2bb244c7f47f77592dd8c023&bd_vid,jchfyy.com
https://ada.baidu.com/site/jzbs120.cn/xyl?imid=9ae29956d0e4ce9b97bdef7d812c5e03&source,jzbs120.cn
https://ada.baidu.com/site/wjzqeab0/xyl?imid=c9d890ff39aba107ac95355d03052eae&bdjz2-,wjzqeab0
https://ada.baidu.com/site/wjzl2cmm/xyl?imid=a1deb3308cf9eaf65cc22c38e0a38eff&bd_vid,wjzl2cmm
https://ada.baidu.com/site/wjz496c1/xyl?imid=5b5f4b396f78e7d41ff7d33c09214a63#BD1#JS,wjz496c1
https://ada.baidu.com/site/llhhfk.com/xyl?imid=4a8e83c844492404951b5119e5460a10&source,llhhfk.com
https://ada.baidu.com/site/wjzzgql4/xyl?imid=66654c58fdf260d5540c34c277babeb5&source,wjzzgql4
https://ada.baidu.com/site/wjzwdok4/xyl?imid=fdfa37b79a8213b07c5f2d172942d276#bd03-B,wjzwdok4
https://ada.baidu.com/site/wjz2zb1m/xyl?imid=9915854e9b72eecd28a494f1aee8cd93&bd_vid,wjz2zb1m
https://ada.baidu.com/site/wjz2zb1m/xyl?imid=9915854e9b72eecd28a494f1aee8cd93&bd_vid,wjz2zb1m
https://ada.baidu.com/site/wjze83rz/xyl?imid=ff41b5f2b65b6b9f468e6dc104e4b4aa&bd_vid,wjze83rz
https://ada.baidu.com/site/wjzyjfhx/xyl?imid=0454523cc4c12e2d39931da11dd4514e&bd_vid,wjzyjfhx
https://ada.baidu.com/site/wap.syfhyy.com/xyl?imid=1ebd5818a7feb44d900778b8d06fd2ef&bd_vid,wap.syfhyy.com
https://ada.baidu.com/site/syfh120.com/xyl?imid=fd3df17dac50b053a2278f413c2a4c64&bd_vid,syfh120.com
https://ada.baidu.com/site/gjbfk.com/xyl?imid=d69eee04983e6bdc958ce637b4cb7572&bd_vid,gjbfk.com
https://ada.baidu.com/site/qianhu.wejianzhan.com/xyl?imid=70135cee5998ca705d0458a1c841faf9&source,qianhu.wejianzhan.com
https://ada.baidu.com/site/tongjifuke120.com/xyl?imid=a218250499eb9414066e522418aafadf&bd_vid,tongjifuke120.com
https://ada.baidu.com/site/tongjifk120.com/xyl?imid=c4f520ea99fbb64ac473bc46f737ba3e&bd_vid,tongjifk120.com
